1. Sprawdzenie jakie bazy danych mamy w kolekcji:
> show databases;
mysql> show databases;
+--------------------+
| Database           |
+--------------------+
| ksiegarnia         |
| ludzie             |
+--------------------+
2 rows in set (0.03 sec)

2. Tworzenie bazy danych:
> create database nazwa_bazy;
np.
mysql> create database oki;
Query OK, 1 row affected (0.01 sec)

3. Wskazanie bieÅ¼Ä…cej bazy danych:
> use nazwa_bazy;
np.
mysql> use oki;
Database changed

4. Utworzenie tabeli w bazie danych:
> create table nazwa_tabeli
ðŸ ’ (
ðŸ ’ id_xxx int not null primary key,
ðŸ ’...,
ðŸ ’...
ðŸ ’);
np.
mysql> create table ok
    -> (
    -> id_ok int not null primary key,
    -> nazwisko char(30),
    -> imie char(30)
    -> );
Query OK, 0 rows affected (0.03 sec)

5. WyÅ›wietlenie iloÅ›ci tabel i jakie sÄ… w bazie danych:
> show tables from nazwa_bazy;
np.
mysql> show tables from oki;
+---------------+
| Tables_in_oki |
+---------------+
| ok            |
+---------------+
1 row in set (0.01 sec)

6. Wstawienie rekordÃ³w do tabeli:
> insert into nazwa_tabeli(nk 1,nk 2,nk 3)
ðŸ ’ values(dane);
np.
mysql> insert into ok(id_ok,nazwisko,imie)
    -> values(1,'Nowak','Jan');
Query OK, 1 row affected (0.01 sec)

7. Sprawdzenie jakie rekordy sÄ… w tabeli:
> select * from nazwa_tabeli;
np.
mysql> select * from ok;
+-------+----------+------+
| id_ok | nazwisko | imie |
+-------+----------+------+
|     1 | Nowak    | Jan  |
+-------+----------+------+
1 row in set (0.00 sec)

8. WyÅ›wietlenie jakie sÄ… kolumny w tabeli:
> show columns from nazwa_tabeli;
np.
mysql> show columns from ok;
+----------+----------+------+-----+---------+-------+
| Field    | Type     | Null | Key | Default | Extra |
+----------+----------+------+-----+---------+-------+
| id_ok    | int      | NO   | PRI | NULL    |       |
| nazwisko | char(30) | YES  |     | NULL    |       |
| imie     | char(30) | YES  |     | NULL    |       |
+----------+----------+------+-----+---------+-------+
3 rows in set (0.01 sec)

9. Umieszcza na koÅ„cu tabeli nowÄ… kolumnÄ™:
>  ALTER TABLE nazwa_tabeli
ðŸ ’  ADD COLUMN nazwa_kolummy typ kolumny;
np.
mysql> alter table ok
    -> add column adres char(50) not null;
Query OK, 0 rows affected (0.01 sec)
Records: 0  Duplicates: 0  Warnings: 0

10. Zmiana nazwy kolumny w tabeli:
> alter table nazwa_tabeli
ðŸ ’ rename column stara_nazwa_kolumny to nowa_nazwa_kolumny;
np.
mysql> alter table ok
    -> rename column adres to zamieszkanie;
Query OK, 0 rows affected (0.01 sec)
Records: 0  Duplicates: 0  Warnings: 0

11. Usuwa kolumnÄ™ z tabeli:
>  ALTER TABLE nazwa_tabeli
ðŸ ’  DROP COLUMN nazwa_kolumny;
np.
mysql> alter table ok
    -> drop column zamieszkanie;
Query OK, 0 rows affected (0.01 sec)
Records: 0  Duplicates: 0  Warnings: 0

12. Zmienia nazwÄ™ tabeli:
> Alter table nazwa_tabeli
ðŸ ’ Rename as nowa_nazwa_tabeli;
np.
mysql> alter table ok
    -> rename as aha;
Query OK, 0 rows affected (0.01 sec)

13. Usuwa tabelÄ™ w bazie danych:
>  Drop table nazwa_tabeli;
np.
mysql> drop table aha;
Query OK, 0 rows affected (0.02 sec)

14. Usuwa bazÄ™ danych:
> Drop database nazwa_bazy;
np.
mysql> drop database oki;
Query OK, 0 rows affected (0.01 sec)


  
